{"omega": 7.853981633974483, "proxy_type": "age", "rICB": 1.0, "vt": [-1.7871640926050234, 10.135511227064452, 6.301951494584078e-16], "exponent_growth": 0.1, "tau_ic": 1.0, "units": null}