{"units": null, "vt": [-1.7871640926050234, 10.135511227064452, 6.301951494584078e-16], "tau_ic": 1.0, "rICB": 1.0, "omega": 0.0, "exponent_growth": 0.1, "proxy_type": "age"}