{"rICB": 1.0, "vt": [-0.13891854213354424, 0.7878462024097663, 4.8985871965894125e-17], "omega": 0.0, "exponent_growth": 1, "units": null, "proxy_type": "growth rate", "tau_ic": 1.0}